{
  "architecture": "resnet18",
  "epochs": 15,
  "loss_per_epoch": [
    0.4881601651509603,
    0.3849320622556137,
    0.3609001512780334,
    0.3479210132902319,
    0.33295446065339174,
    0.34866389058756103,
    0.3369622113578247,
    0.32610350919492315,
    0.3200792893767357,
    0.32166519634651414,
    0.3087607169241616,
    0.31112070228114275,
    0.3186664655804634,
    0.3104007546648835,
    0.30969940121426726
  ],
  "test_accuracy_per_epoch": [
    0.6742424242424242,
    0.8136363636363636,
    0.8393939393939394,
    0.8469696969696969,
    0.8484848484848485,
    0.7727272727272727,
    0.8212121212121212,
    0.8575757575757575,
    0.8545454545454545,
    0.853030303030303,
    0.8590909090909091,
    0.8606060606060606,
    0.8560606060606061,
    0.8575757575757575,
    0.85
  ],
  "train_accuracy_per_epoch": [
    0.7235494880546075,
    0.8308684110731892,
    0.8486916951080774,
    0.8600682593856656,
    0.8581721653394009,
    0.8111490329920364,
    0.8502085703450891,
    0.8623435722411832,
    0.863481228668942,
    0.8687902919984831,
    0.8718240424725067,
    0.8680318543799772,
    0.8649981039059538,
    0.8684110731892302,
    0.863481228668942
  ],
  "best_epoch": 12,
  "test_accuracy": 0.8606060606060606,
  "train_accuracy": 0.8680318543799772,
  "loss": 0.31112070228114275
}