{
  "device": "cpu",
  "architectures": {
    "resnet18": {
      "parameters": 11177538,
      "inference_seconds_per_batch": 0.12099361385044176,
      "existing_checkpoint_mb": 44.64429473876953,
      "existing_checkpoint_inference_seconds_per_batch": 0.1193226859497372,
      "architecture": "resnet18",
      "average_loss": 0.21511638455092905,
      "final_test_accuracy": 1.0,
      "best_test_accuracy": 1.0,
      "checkpoint_mb": 42.68712615966797
    },
    "mobilenet_v3_small": {
      "parameters": 1519906,
      "inference_seconds_per_batch": 0.014885058300569654,
      "architecture": "mobilenet_v3_small",
      "average_loss": 0.23888044461607935,
      "final_test_accuracy": 1.0,
      "best_test_accuracy": 1.0,
      "checkpoint_mb": 5.868949890136719
    }
  }
}