{
  "architecture": "mobilenet_v3_small",
  "epochs": 10,
  "loss_per_epoch": [
    0.47680430746439734,
    0.3983363681670391,
    0.3525059634988958,
    0.3450856077851671,
    0.3318523887431983,
    0.3249049871256857,
    0.33197466613668386,
    0.31765660643577576,
    0.3272812209797628,
    0.32161212224851954
  ],
  "test_accuracy_per_epoch": [
    0.7575757575757576,
    0.8212121212121212,
    0.8151515151515152,
    0.8181818181818182,
    0.8257575757575758,
    0.8090909090909091,
    0.8257575757575758,
    0.8257575757575758,
    0.8272727272727273,
    0.8272727272727273
  ],
  "train_accuracy_per_epoch": [
    0.7834660599165718,
    0.8430034129692833,
    0.8536215396283656,
    0.8517254455821008,
    0.8615851346226773,
    0.8600682593856656,
    0.8680318543799772,
    0.8646188850967008,
    0.8649981039059538,
    0.8653773227152066
  ],
  "best_epoch": 9,
  "test_accuracy": 0.8272727272727273,
  "train_accuracy": 0.8649981039059538,
  "loss": 0.3272812209797628
}